GEO_CODE,GEO_LABEL,F244,F248,F989,F991,F2075,F2081,F2083,F2347,F2357,F2362,F2368
95AA     ,Antrim,27361,1505,20064,3616,20064,251,50,20064,2385,2817,490
95BB     ,Ards,38371,2327,31514,5233,31514,269,71,31514,4094,3376,741
95CC     ,Armagh,28911,2102,21594,3210,21594,310,80,21594,2029,3029,608
95DD     ,Ballymena,32020,1847,24817,4284,24817,266,73,24817,2778,3489,706
95EE     ,Ballymoney,14740,1201,11508,1778,11508,176,42,11508,1437,1621,330
95FF     ,Banbridge,24187,1401,18303,2596,18303,181,33,18303,1806,2392,560
95GG     ,Belfast,132666,11832,120595,48321,120595,2085,702,120595,30818,23632,3126
95HH     ,Carrickfergus,19596,1275,16200,3432,16200,104,20,16200,2214,1923,316
95II     ,Castlereagh,33982,1585,27733,5020,27733,251,61,27733,3882,2436,519
95JJ     ,Coleraine,27795,2075,23508,4986,23508,242,78,23508,3235,4027,661
95KK     ,Cookstown,17418,1253,12904,1960,12904,226,69,12904,1052,2032,344
95LL     ,Craigavon,45009,3254,35931,7946,35931,494,141,35931,4710,6468,824
95MM     ,Derry,47447,5904,40779,12839,40779,865,230,40779,9271,6980,928
95NN     ,Down,33648,2451,26206,4373,26206,348,90,26206,2575,4252,673
95OO     ,Dungannon,27881,2017,20270,3245,20270,442,129,20270,2083,3560,599
95PP     ,Fermanagh,29852,2093,23069,3702,23069,310,99,23069,2170,3361,756
95QQ     ,Larne,15962,987,13297,2873,13297,104,21,13297,1424,1927,305
95RR     ,Limavady,15067,1698,12098,2359,12098,173,46,12098,1557,1853,296
95SS     ,Lisburn,59061,3528,45723,8752,45723,690,139,45723,7699,4345,993
95TT     ,Magherafelt,21505,1397,15037,2152,15037,278,69,15037,1278,2171,482
95UU     ,Moyle,7837,777,6608,1262,6608,107,23,6608,890,1042,199
95VV     ,Newry and Mourne,46207,4315,35031,6466,35031,741,164,35031,3590,5955,915
95WW     ,Newtownabbey,42859,2346,33971,6933,33971,297,63,33971,4481,3616,622
95XX     ,North Down,39469,2188,33255,5815,33255,179,76,33255,3276,4311,537
95YY     ,Omagh,23693,1808,18443,3149,18443,308,83,18443,1813,3116,573
95ZZ     ,Strabane,17223,2030,14817,3357,14817,266,68,14817,2338,2285,520
E06000001,Hartlepool,43513,5194,40434,14268,40434,313,67,40434,9515,5971,554
E06000002,Middlesbrough,63582,7631,57203,21488,57203,777,205,57203,13654,9509,981
E06000003,Redcar and Cleveland,63530,6533,59605,16935,59605,399,64,59605,11568,7434,642
E06000004,Stockton-on-Tees,96259,8075,79159,20524,79159,620,120,79159,13625,10387,667
E06000005,Darlington,53443,4002,46670,13052,46670,322,76,46670,7228,8513,462
E06000006,Halton,63411,5151,53312,14380,53312,449,74,53312,13441,5212,541
E06000007,Warrington,107765,5961,85140,16409,85140,604,123,85140,13318,9549,721
E06000008,Blackburn with Darwen,67033,5575,57353,17502,57353,1258,245,57353,10391,8993,886
E06000009,Blackpool,68540,6337,64367,23635,64367,463,140,64367,6999,16770,709
E06000010,"Kingston upon Hull, City of",128130,15296,112596,45748,112596,1505,332,112596,31634,22984,1688
E06000011,East Riding of Yorkshire,168860,8795,143032,25200,143032,737,140,143032,13028,19648,2217
E06000012,North East Lincolnshire,79227,7486,69707,21481,69707,492,106,69707,10091,12627,706
E06000013,North Lincolnshire,84668,5869,70684,14617,70684,604,112,70684,10895,9477,996
E06000014,York,104945,4582,83552,21808,83552,640,211,83552,11679,14980,1035
E06000015,Derby,123691,9297,102271,29593,102271,1622,460,102271,20250,17193,1199
E06000016,Leicester,156425,14982,123125,45375,123125,4384,1596,123125,31270,27999,1912
E06000017,Rutland,18758,643,15002,1859,15002,58,14,15002,1685,2333,268
E06000018,Nottingham,142327,14775,126131,55093,126131,2484,737,126131,37486,29098,1894
E06000019,"Herefordshire, County of",95114,4353,78319,12826,78319,672,179,78319,10903,12147,1485
E06000020,Telford and Wrekin,84947,5806,66608,13748,66608,781,135,66608,13106,9979,814
E06000021,Stoke-on-Trent,119743,9715,107575,33225,107575,1534,330,107575,25999,15440,1789
E06000022,Bath and North East Somerset,89752,3548,73515,16158,73515,531,160,73515,10614,12447,1018
E06000023,"Bristol, City of",227119,13817,182747,52814,182747,2938,1186,182747,37083,43028,2543
E06000024,North Somerset,102607,4350,88227,15151,88227,461,105,88227,8103,14270,947
E06000025,South Gloucestershire,143198,5354,107538,14044,107538,751,165,107538,10633,14600,1222
E06000026,Plymouth,127742,8136,109307,30438,109307,1249,300,109307,21095,22026,1188
E06000027,Torbay,61795,4275,59010,15063,59010,459,123,59010,4762,13696,574
E06000028,Bournemouth,96017,5262,82374,21333,82374,937,548,82374,9206,24685,857
E06000029,Poole,75720,3413,63530,11245,63530,612,156,63530,7324,10275,672
E06000030,Swindon,117039,6518,88360,19060,88360,1102,346,88360,14382,14169,789
E06000031,Peterborough,95646,6691,74023,18412,74023,1433,404,74023,14434,14168,855
E06000032,Luton,100272,8337,74293,20389,74293,3309,1145,74293,11715,16816,778
E06000033,Southend-on-Sea,88324,6209,74678,20383,74678,988,336,74678,8597,16439,670
E06000034,Thurrock,84464,6190,62353,12527,62353,1207,353,62353,11503,8772,498
E06000035,Medway,137954,9469,106209,23231,106209,1386,364,106209,13996,18153,1093
E06000036,Bracknell Forest,65137,2808,45878,6275,45878,437,121,45878,7678,5734,520
E06000037,West Berkshire,85401,3279,62340,7759,62340,483,108,62340,8628,8555,1027
E06000038,Reading,86329,5329,62869,17819,62869,1496,543,62869,10242,16394,624
E06000039,Slough,73819,5440,50766,11885,50766,2893,1026,50766,10476,12348,501
E06000040,Windsor and Maidenhead,77650,3292,58349,7782,58349,701,179,58349,7748,9432,1135
E06000041,Wokingham,84912,2958,60332,5422,60332,446,94,60332,4236,6755,559
E06000042,Milton Keynes,137717,8640,98584,18656,98584,1969,653,98584,17763,17066,857
E06000043,Brighton and Hove,150853,7818,121540,46415,121540,1530,888,121540,18187,35959,1559
E06000044,Portsmouth,105834,6536,85473,28533,85473,1251,382,85473,15611,21098,1042
E06000045,Southampton,123193,7631,98254,28996,98254,2008,718,98254,22867,24449,1052
E06000046,Isle of Wight,64218,4386,61085,13761,61085,491,93,61085,6523,10639,744
E06000047,County Durham,247101,17013,223803,60926,223803,1467,215,223803,45004,28142,2822
E06000048,Northumberland,158268,10329,138534,30543,138534,861,124,138534,25841,18417,2559
E06000049,Cheshire East,191253,8742,159441,25709,159441,915,211,159441,18141,19938,1817
E06000050,Cheshire West and Chester,170778,8949,141442,26297,141442,938,177,141442,20808,17734,1707
E06000051,Shropshire,158983,7350,129674,20483,129674,832,201,129674,17448,19421,2287
E06000054,Wiltshire,250792,9999,194194,28660,194194,1494,316,194194,28591,29968,3089
E06000055,Bedford,81782,5060,63812,13137,63812,994,293,63812,10252,10110,848
E06000056,Central Bedfordshire,139525,6443,104399,13820,104399,796,161,104399,13981,12612,1189
E07000004,Aylesbury Vale,95242,3869,69406,9244,69406,908,251,69406,8982,9234,888
E07000005,Chiltern,46743,1728,36946,4018,36946,284,84,36946,4573,3314,384
E07000006,South Bucks,34581,1267,26514,2711,26514,200,44,26514,3266,3011,382
E07000007,Wycombe,91315,4023,67861,9288,67861,1203,289,67861,8650,10316,929
E07000008,Cambridge,62886,2641,46714,15702,46714,672,357,46714,11023,12258,736
E07000009,East Cambridgeshire,45920,1747,34614,4510,34614,246,63,34614,4944,4576,869
E07000010,Fenland,47829,2931,40620,7364,40620,426,129,40620,5054,6341,584
E07000011,Huntingdonshire,93481,3957,69333,9441,69333,552,132,69333,8939,9770,718
E07000012,South Cambridgeshire,82079,2499,59960,6571,59960,442,125,59960,8546,7174,853
E07000026,Allerdale,48904,2553,42345,8805,42345,222,30,42345,8088,4142,698
E07000027,Barrow-in-Furness,33897,2365,31224,9345,31224,195,24,31224,3454,4442,354
E07000028,Carlisle,57210,2847,48342,11932,48342,317,67,48342,7394,6914,703
E07000029,Copeland,35335,2235,30536,7143,30536,198,32,30536,5668,2665,436
E07000030,Eden,28413,822,23043,3211,23043,82,25,23043,2321,3685,568
E07000031,South Lakeland,53396,1524,46552,7142,46552,195,52,46552,4853,6633,868
E07000032,Amber Valley,63280,3503,52596,10109,52596,331,41,52596,6484,6200,722
E07000033,Bolsover,37442,2612,32801,7662,32801,236,34,32801,5965,4276,505
E07000034,Chesterfield,51909,3557,46796,12678,46796,349,65,46796,10832,5813,448
E07000035,Derbyshire Dales,36541,1394,30744,4557,30744,152,30,30744,3736,3860,650
E07000036,Erewash,59044,3742,48692,10903,48692,326,54,48692,6335,6265,560
E07000037,High Peak,48560,2576,38946,7632,38946,265,39,38946,4945,5231,482
E07000038,North East Derbyshire,49919,2697,43070,8042,43070,262,40,43070,8781,3183,407
E07000039,South Derbyshire,50358,2125,38992,5249,38992,251,49,38992,3877,5087,481
E07000040,East Devon,62455,2270,59071,9409,59071,357,79,59071,5515,8041,913
E07000041,Exeter,60870,2739,49242,13323,49242,504,169,49242,8386,10336,607
E07000042,Mid Devon,40218,1513,32758,4696,32758,269,56,32758,4135,5091,601
E07000043,North Devon,47119,2052,40001,7609,40001,290,69,40001,4316,7341,690
E07000044,South Hams,41639,1422,36858,4920,36858,210,64,36858,4195,5259,564
E07000045,Teignbridge,61845,2477,54003,8673,54003,353,66,54003,4813,8358,659
E07000046,Torridge,31158,1586,27986,4553,27986,160,27,27986,2524,4746,521
E07000047,West Devon,26543,1197,22725,2922,22725,148,20,22725,2158,3409,380
E07000048,Christchurch,21420,1007,21475,3843,21475,148,26,21475,2784,2321,221
E07000049,East Dorset,41576,1309,37564,3880,37564,203,47,37564,3120,3471,491
E07000050,North Dorset,34878,1301,28670,3447,28670,219,45,28670,3865,4094,492
E07000051,Purbeck,22400,899,19583,2832,19583,157,25,19583,2446,3005,354
E07000052,West Dorset,47566,1616,44386,6961,44386,281,62,44386,6159,6093,941
E07000053,Weymouth and Portland,32103,1854,28535,7058,28535,281,54,28535,3894,5073,346
E07000061,Eastbourne,47926,2874,45012,12911,45012,499,195,45012,5953,10494,482
E07000062,Hastings,44759,3621,41159,13693,41159,533,130,41159,5988,11863,409
E07000063,Lewes,48194,2319,42181,8488,42181,342,64,42181,4609,6108,531
E07000064,Rother,39859,2019,40877,7781,40877,341,76,40877,4242,5742,614
E07000065,Wealden,74214,2670,62676,7801,62676,416,94,62676,4808,6973,1037
E07000066,Basildon,89570,5846,72746,15962,72746,943,196,72746,15976,7448,630
E07000067,Braintree,78715,4014,61043,9866,61043,488,97,61043,10055,8083,671
E07000068,Brentwood,38149,1667,30646,4555,30646,254,54,30646,3586,3452,386
E07000069,Castle Point,44080,2289,36440,6113,36440,260,38,36440,1949,3968,319
E07000070,Chelmsford,91339,4223,69667,10921,69667,577,144,69667,9120,8349,770
E07000071,Colchester,91385,4456,71634,14741,71634,651,174,71634,9669,13390,743
E07000072,Epping Forest,65304,3259,51991,7965,51991,506,114,51991,7803,5742,675
E07000073,Harlow,43847,3043,34620,8626,34620,646,152,34620,10808,3756,301
E07000074,Maldon,31856,1381,25817,3247,25817,158,27,25817,2685,2493,291
E07000075,Rochford,42804,1836,33564,4874,33564,234,46,33564,2547,2844,272
E07000076,Tendring,59908,4533,62105,14502,62105,514,95,62105,5243,10064,808
E07000077,Uttlesford,42473,1527,31316,3150,31316,205,52,31316,3961,4108,501
E07000078,Cheltenham,62763,2878,50929,11222,50929,440,155,50929,6227,10925,538
E07000079,Cotswold,43206,1491,36236,4573,36236,210,40,36236,5388,5518,1086
E07000080,Forest of Dean,41490,2084,34167,4907,34167,249,39,34167,4237,3835,538
E07000081,Gloucester,65740,3791,50363,11372,50363,625,167,50363,6714,8755,479
E07000082,Stroud,59980,2306,47794,6631,47794,306,58,47794,6097,5791,633
E07000083,Tewkesbury,43454,1682,35126,4775,35126,218,49,35126,4190,4351,411
E07000084,Basingstoke and Deane,94800,3999,69315,10555,69315,631,169,69315,12346,8172,903
E07000085,East Hampshire,60953,2133,47258,5284,47258,374,94,47258,5681,5517,710
E07000086,Eastleigh,69033,2768,52177,6928,52177,416,84,52177,6411,6438,414
E07000087,Fareham,59063,2117,46579,6257,46579,291,66,46579,3785,4645,412
E07000088,Gosport,42981,2520,35430,8097,35430,355,73,35430,5815,5777,342
E07000089,Hart,49875,1570,35510,2856,35510,228,53,35510,2718,4286,353
E07000090,Havant,59601,3444,51311,10623,51311,647,101,51311,10037,5087,519
E07000091,New Forest,86776,3288,76839,10232,76839,512,119,76839,8440,9293,1019
E07000092,Rushmoor,54145,2593,36344,6042,36344,769,225,36344,5927,6379,302
E07000093,Test Valley,62141,2133,47626,6426,47626,317,77,47626,6854,6128,832
E07000094,Winchester,60029,1943,46865,6705,46865,344,100,46865,7243,6604,946
E07000095,Broxbourne,49426,2825,37658,6605,37658,627,143,37658,5297,4199,284
E07000096,Dacorum,77800,3829,59938,9839,59938,572,122,59938,13045,7107,536
E07000097,East Hertfordshire,75434,2849,56577,7226,56577,420,89,56577,7185,7446,773
E07000098,Hertsmere,52435,2650,39778,6769,39778,568,177,39778,6932,4981,497
E07000099,North Hertfordshire,68564,3145,53426,8895,53426,416,92,53426,10304,6993,585
E07000100,St Albans,74553,2715,56140,7606,56140,565,166,56140,6832,7624,592
E07000101,Stevenage,46140,2925,34898,7940,34898,460,117,34898,9902,3980,255
E07000102,Three Rivers,46280,1984,35108,4970,35108,389,75,35108,5318,3708,356
E07000103,Watford,50770,2692,36681,8126,36681,884,356,36681,5987,7371,289
E07000104,Welwyn Hatfield,57036,2687,43613,8847,43613,589,165,43613,11741,5911,571
E07000105,Ashford,61189,3058,47787,7548,47787,539,110,47787,6915,6849,700
E07000106,Canterbury,71322,3410,60771,13932,60771,604,151,60771,7409,11876,879
E07000107,Dartford,53184,3099,40081,7684,40081,653,144,40081,5947,6385,393
E07000108,Dover,54478,3607,48310,11348,48310,650,166,48310,6864,8254,805
E07000109,Gravesham,51903,3714,40431,9247,40431,785,190,40431,7008,6524,495
E07000110,Maidstone,82528,3848,63447,10232,63447,694,218,63447,8066,9256,754
E07000111,Sevenoaks,58707,2332,47020,6142,47020,356,80,47020,6218,5057,747
E07000112,Shepway,52387,3576,47379,11208,47379,612,185,47379,5311,10520,619
E07000113,Swale,67913,4538,55585,11184,55585,647,117,55585,7942,8446,677
E07000114,Thanet,61272,5358,59513,17710,59513,815,180,59513,7537,14151,712
E07000115,Tonbridge and Malling,63039,2580,48140,6620,48140,422,76,48140,7762,4869,546
E07000116,Tunbridge Wells,59986,2421,47174,8239,47174,664,184,47174,7148,7995,656
E07000117,Burnley,41879,3342,37550,12122,37550,531,101,37550,5281,7267,515
E07000118,Chorley,56645,2588,44919,7661,44919,287,58,44919,5843,4587,423
E07000119,Fylde,36447,1687,34885,6652,34885,133,24,34885,2607,6066,455
E07000120,Hyndburn,39118,2688,34341,9696,34341,462,101,34341,4389,6235,395
E07000121,Lancaster,67262,3362,57822,14232,57822,388,99,57822,5762,10929,765
E07000122,Pendle,42765,3012,37348,10005,37348,699,115,37348,4333,6760,602
E07000123,Preston,70509,4575,57567,17834,57567,758,193,57567,11061,10365,835
E07000124,Ribble Valley,29672,852,24045,3127,24045,84,12,24045,1836,3278,363
E07000125,Rossendale,35186,2090,29058,6249,29058,324,52,29058,4244,4106,371
E07000126,South Ribble,58577,2421,46102,7201,46102,280,33,46102,4845,4308,397
E07000127,West Lancashire,55680,3180,45381,8973,45381,273,40,45381,6656,4744,588
E07000128,Wyre,51450,2464,47281,9715,47281,239,57,47281,3401,6397,561
E07000129,Blaby,50661,1963,38686,5041,38686,233,44,38686,2948,3876,306
E07000130,Charnwood,84609,3864,66516,12017,66516,550,142,66516,7851,9396,769
E07000131,Harborough,45791,1517,34898,4127,34898,161,31,34898,2923,3922,401
E07000132,Hinckley and Bosworth,56538,2448,45377,6618,45377,266,38,45377,4685,5156,443
E07000133,Melton,27422,1067,21490,3251,21490,100,34,21490,2402,3054,338
E07000134,North West Leicestershire,48999,2361,39128,6121,39128,249,32,39128,5598,4411,457
E07000135,Oadby and Wigston,28119,1314,21339,3646,21339,218,28,21339,1610,2117,212
E07000136,Boston,33031,1969,27291,5667,27291,390,104,27291,4965,4291,375
E07000137,East Lindsey,60716,3966,60890,11172,60890,380,75,60890,6705,10554,1012
E07000138,Lincoln,49523,3533,39825,11771,39825,469,130,39825,8729,8345,599
E07000139,North Kesteven,55065,2290,45972,5988,45972,193,30,45972,4694,6184,686
E07000140,South Holland,44276,2532,37264,5442,37264,371,91,37264,4728,4714,527
E07000141,South Kesteven,70273,3248,57344,9560,57344,282,64,57344,7701,8389,943
E07000142,West Lindsey,44768,2497,38385,5807,38385,169,25,38385,4246,5253,662
E07000143,Breckland,65029,3302,54519,8462,54519,496,123,54519,7511,8294,977
E07000144,Broadland,64232,2314,53336,6106,53336,213,30,53336,4567,5519,603
E07000145,Great Yarmouth,46018,4258,42079,11445,42079,442,148,42079,7255,6926,679
E07000146,King's Lynn and West Norfolk,71704,3901,62977,10346,62977,616,170,62977,8393,9278,1324
E07000147,North Norfolk,45819,2404,46046,7455,46046,286,51,46046,5904,6664,986
E07000148,Norwich,68772,5060,60319,20125,60319,602,171,60319,19702,13089,653
E07000149,South Norfolk,63158,2439,52809,6157,52809,260,48,52809,5965,5916,836
E07000150,Corby,33166,2222,25215,6698,25215,254,44,25215,5278,3839,335
E07000151,Daventry,41546,1731,31647,3803,31647,200,28,31647,4412,3832,444
E07000152,East Northamptonshire,45821,2136,35662,4764,35662,237,40,35662,4737,4471,442
E07000153,Kettering,50012,2728,39701,7448,39701,318,55,39701,5187,6048,562
E07000154,Northampton,115479,7223,88731,21635,88731,1509,466,88731,15113,15817,1045
E07000155,South Northamptonshire,47449,1476,34717,3219,34717,131,29,34717,3505,3840,530
E07000156,Wellingborough,39247,2562,32057,6765,32057,334,62,32057,5676,4360,420
E07000163,Craven,28744,1003,24583,4228,24583,120,32,24583,2212,3782,500
E07000164,Hambleton,47068,1670,38117,5086,38117,145,35,38117,4923,5770,760
E07000165,Harrogate,84662,2931,67169,11032,67169,344,135,67169,6138,11771,1127
E07000166,Richmondshire,29017,1116,20207,2692,20207,133,47,20207,2183,4519,491
E07000167,Ryedale,26644,1029,22524,3299,22524,127,26,22524,2896,3773,648
E07000168,Scarborough,52245,3371,49435,14224,49435,353,108,49435,6134,9640,839
E07000169,Selby,45720,2154,34559,5155,34559,255,56,34559,4161,3796,490
E07000170,Ashfield,59970,4140,50931,12072,50931,430,69,50931,8258,6504,673
E07000171,Bassetlaw,56556,3294,47667,9571,47667,315,73,47667,7579,5975,826
E07000172,Broxtowe,56838,3156,46820,10101,46820,298,63,46820,5218,6594,570
E07000173,Gedling,59493,3391,49349,10595,49349,322,64,49349,4926,6488,526
E07000174,Mansfield,52392,3547,44928,11322,44928,407,77,44928,8199,6115,537
E07000175,Newark and Sherwood,57971,2995,48773,9095,48773,325,68,48773,7050,6278,737
E07000176,Rushcliffe,58045,2222,45835,6931,45835,195,51,45835,3854,6082,424
E07000177,Cherwell,78160,2936,56728,8869,56728,634,177,56728,6872,9206,904
E07000178,Oxford,74923,3801,55375,18547,55375,1164,442,55375,11828,15634,1081
E07000179,South Oxfordshire,72820,2446,54104,6284,54104,375,95,54104,6163,7211,810
E07000180,Vale of White Horse,65710,2190,49407,6476,49407,390,69,49407,6583,6733,827
E07000181,West Oxfordshire,58506,1730,43241,5164,43241,289,69,43241,5387,6423,742
E07000187,Mendip,56462,2297,46157,6925,46157,336,86,46157,5473,7136,761
E07000188,Sedgemoor,57966,2972,48801,8042,48801,358,75,48801,5951,7113,662
E07000189,South Somerset,82390,3170,69501,10182,69501,578,111,69501,9697,9272,1135
E07000190,Taunton Deane,56832,2223,46907,8189,46907,389,118,46907,7321,7227,715
E07000191,West Somerset,16118,688,15623,2754,15623,124,26,15623,2288,2510,332
E07000192,Cannock Chase,51306,3311,40664,8213,40664,367,72,40664,6880,4938,492
E07000193,East Staffordshire,58578,3171,47251,10123,47251,515,101,47251,6367,7152,593
E07000194,Lichfield,51862,2531,41224,5594,41224,325,48,41224,5446,3932,449
E07000195,Newcastle-under-Lyme,61568,3378,52574,11632,52574,373,69,52574,9840,5511,665
E07000196,South Staffordshire,56418,2670,44458,5879,44458,223,38,44458,6193,3772,575
E07000197,Stafford,68274,3028,55703,9742,55703,293,91,55703,7618,7206,720
E07000198,Staffordshire Moorlands,49988,2031,41772,6196,41772,249,31,41772,3699,4103,555
E07000199,Tamworth,41188,2541,31617,6514,31617,305,58,31617,6108,3476,300
E07000200,Babergh,44347,1879,37522,5294,37522,241,40,37522,4912,4714,737
E07000201,Forest Heath,33115,1412,25376,4001,25376,251,62,25376,3739,6195,914
E07000202,Ipswich,71423,5212,57298,15906,57298,712,210,57298,12371,11421,671
E07000203,Mid Suffolk,50607,1789,40306,4555,40306,234,35,40306,4544,4515,642
E07000204,St Edmundsbury,59324,2463,45802,7289,45802,407,71,45802,7321,6798,681
E07000205,Suffolk Coastal,61006,2394,53558,7474,53558,260,57,53558,6066,7267,798
E07000206,Waveney,53460,3724,50883,11142,50883,354,68,50883,7148,7578,652
E07000207,Elmbridge,67522,2457,52922,6227,52922,432,130,52922,5218,8006,645
E07000208,Epsom and Ewell,39844,1480,29784,4290,29784,356,63,29784,2390,3962,244
E07000209,Guildford,73649,2750,53973,7485,53973,460,166,53973,6908,8522,693
E07000210,Mole Valley,44170,1529,35828,4413,35828,303,88,35828,4373,4270,492
E07000211,Reigate and Banstead,74614,2892,55423,7650,55423,655,170,55423,6605,7169,490
E07000212,Runnymede,42816,1630,32714,4811,32714,356,123,32714,4210,4974,473
E07000213,Spelthorne,52767,2277,39512,5861,39512,611,173,39512,4911,5004,386
E07000214,Surrey Heath,47016,1731,33546,3345,33546,329,74,33546,3089,4073,346
E07000215,Tandridge,43692,1645,33342,3934,33342,277,77,33342,3610,3666,451
E07000216,Waverley,61649,2068,49280,5865,49280,325,108,49280,6068,5577,849
E07000217,Woking,54052,2313,39467,5984,39467,652,213,39467,4704,6186,380
E07000218,North Warwickshire,33151,1662,25812,4001,25812,156,35,25812,3719,2913,318
E07000219,Nuneaton and Bedworth,65173,4363,52711,11813,52711,446,90,52711,7633,6683,508
E07000220,Rugby,53457,2613,41875,7335,41875,329,118,41875,5993,5903,490
E07000221,Stratford-on-Avon,63253,2154,51928,6622,51928,257,55,51928,6713,6596,754
E07000222,Warwick,73309,3118,58679,10848,58679,436,101,58679,7866,10513,679
E07000223,Adur,31054,1466,26957,5551,26957,247,45,26957,3523,3079,318
E07000224,Arun,71573,3538,66706,13024,66706,630,199,66706,5886,10211,789
E07000225,Chichester,56102,2267,49848,7781,49848,377,69,49848,7407,7423,1082
E07000226,Crawley,59495,3490,42727,9588,42727,899,276,42727,10194,6214,503
E07000227,Horsham,69240,2557,54923,6497,54923,366,101,54923,6347,6480,807
E07000228,Mid Sussex,75025,2435,57409,7802,57409,460,127,57409,6092,7322,776
E07000229,Worthing,53630,2578,47044,11414,47044,487,153,47044,4695,9102,409
E07000234,Bromsgrove,48664,2070,38290,4771,38290,141,29,38290,3819,3370,417
E07000235,Malvern Hills,36261,1690,32212,4333,32212,166,41,32212,4547,3720,536
E07000236,Redditch,46220,2877,34722,7051,34722,470,111,34722,7351,4059,382
E07000237,Worcester,53966,3071,42042,9429,42042,401,97,42042,6438,7645,446
E07000238,Wychavon,61260,2675,49466,6357,49466,293,87,49466,7166,5419,683
E07000239,Wyre Forest,49712,3041,42985,7914,42985,276,59,42985,6205,5660,501
E08000001,Bolton,134933,9913,116371,32948,116371,1960,458,116371,23825,15930,1841
E08000002,Bury,94680,5769,78113,18683,78113,899,187,78113,11703,10774,994
E08000003,Manchester,243224,21880,204969,91248,204969,5163,1850,204969,64682,58170,3241
E08000004,Oldham,106398,8661,89703,27954,89703,2324,513,89703,18918,10944,1230
E08000005,Rochdale,101003,9047,87552,27460,87552,1827,378,87552,20247,11556,1260
E08000006,Salford,118130,9041,103556,38178,103556,1349,417,103556,29819,19420,1683
E08000007,Stockport,146296,8002,121979,26781,121979,909,166,121979,16620,13852,1204
E08000008,Tameside,111016,8052,94953,28132,94953,1215,225,94953,20438,12573,1075
E08000009,Trafford,118064,6136,94484,20485,94484,864,244,94484,15485,12001,988
E08000010,Wigan,162781,11483,136386,33606,136386,1122,179,136386,25803,15875,1818
E08000011,Knowsley,69617,6926,61323,22739,61323,673,92,61323,16333,5980,800
E08000012,Liverpool,226270,23980,206515,95281,206515,2019,707,206515,57485,48290,2697
E08000013,St. Helens,86121,6640,75736,20212,75736,588,114,75736,15597,7736,1024
E08000014,Sefton,133012,9708,117930,33592,117930,740,220,117930,17063,15804,1262
E08000015,Wirral,153240,11939,140583,39391,140583,762,135,140583,21329,22275,1423
E08000016,Barnsley,113306,8738,100734,27108,100734,819,163,100734,21032,12856,1594
E08000017,Doncaster,147770,12697,126487,35102,126487,1444,306,126487,22403,18774,2132
E08000018,Rotherham,125899,9821,108293,28756,108293,1268,243,108293,23289,12262,1823
E08000019,Sheffield,270239,19626,229928,75968,229928,3700,1440,229928,56917,35760,2243
E08000020,Gateshead,100184,7419,89154,32551,89154,847,171,89154,24941,11125,810
E08000021,Newcastle upon Tyne,133848,10652,117153,48853,117153,1526,444,117153,34850,22318,1541
E08000022,North Tyneside,104242,7304,91295,28865,91295,491,96,91295,19677,11300,808
E08000023,South Tyneside,72645,7145,67167,25830,67167,513,101,67167,21204,6758,575
E08000024,Sunderland,135467,12016,119758,42094,119758,1118,238,119758,32399,14552,889
E08000025,Birmingham,488221,54114,410736,147112,410736,13084,3912,410736,99592,73405,7183
E08000026,Coventry,153745,12532,128592,41361,128592,2285,723,128592,21914,26503,1545
E08000027,Dudley,155530,12064,129867,29896,129867,1646,302,129867,25719,12004,2133
E08000028,Sandwell,146653,16049,121498,41197,121498,2944,686,121498,33439,15674,2549
E08000029,Solihull,105108,6304,86056,16992,86056,630,105,86056,12834,8502,634
E08000030,Walsall,126805,13006,107822,31044,107822,2094,403,107822,25967,12569,1420
E08000031,Wolverhampton,120402,14127,102177,34370,102177,1708,451,102177,28648,13455,1843
E08000032,Bradford,243727,21224,199296,60799,199296,5924,1561,199296,29513,36070,2998
E08000033,Calderdale,104893,7394,88621,24219,88621,1097,215,88621,13494,14545,1204
E08000034,Kirklees,209514,14465,173525,45875,173525,3304,773,173525,26525,26941,3086
E08000035,Leeds,389929,26786,320596,102787,320596,4226,1269,320596,70377,57456,4854
E08000036,Wakefield,164768,11702,140414,37719,140414,1361,311,140414,33129,16017,1327
E09000002,Barking and Dagenham,86404,9367,69681,27618,69681,3840,1322,69681,23459,12328,664
E09000003,Barnet,184483,11476,135916,39024,135916,4704,2451,135916,19334,34854,2187
E09000004,Bexley,118864,7245,92604,21918,92604,1459,492,92604,13377,10556,763
E09000005,Brent,163991,13535,110286,47419,110286,7718,4211,110286,26591,33181,1554
E09000006,Bromley,161282,8668,130862,30723,130862,1503,476,130862,18425,17393,1223
E09000007,Camden,118397,7755,97534,59595,97534,3256,2400,97534,32295,31434,1763
E09000008,Croydon,190308,14512,145010,48523,145010,4437,1912,145010,25887,30472,1566
E09000009,Ealing,180615,13158,124082,43847,124082,6724,3131,124082,22472,34182,1834
E09000010,Enfield,153334,13192,119916,38933,119916,4655,2166,119916,21073,26591,1703
E09000011,Greenwich,132073,11518,101045,42455,101045,4123,1650,101045,34662,20004,1080
E09000012,Hackney,133883,13207,101690,65721,101690,5190,2804,101690,44430,29449,1258
E09000013,Hammersmith and Fulham,107754,7060,80590,44524,80590,2561,1776,80590,25133,25555,1248
E09000014,Haringey,138189,11730,101955,52851,101955,4840,3092,101955,27242,32095,1482
E09000015,Harrow,123307,7854,84268,19811,84268,3751,1482,84268,8923,18324,1199
E09000016,Havering,121642,7627,97199,22364,97199,1357,335,97199,13799,10337,779
E09000017,Hillingdon,141542,8693,100214,22716,100214,3831,1484,100214,16752,18141,1030
E09000018,Hounslow,137867,8815,94902,29985,94902,4844,2119,94902,21682,22206,1207
E09000019,Islington,117488,8960,93556,60485,93556,2819,1520,93556,39342,25217,1226
E09000020,Kensington and Chelsea,87517,5433,78536,43982,78536,1614,1505,78536,19271,28108,2450
E09000021,Kingston upon Thames,87348,3850,63639,15997,63639,1192,495,63639,7502,14312,629
E09000022,Lambeth,183190,14255,130017,75214,130017,4549,2662,130017,45619,38133,1393
E09000023,Lewisham,151793,12776,116091,55893,116091,4438,2068,116091,36052,28216,1159
E09000024,Merton,112038,6072,78757,25644,78757,2527,967,78757,11102,19503,792
E09000025,Newham,153761,15734,101519,52849,101519,10338,4876,101519,30092,34570,1229
E09000026,Redbridge,137776,10590,99105,27697,99105,4392,1767,99105,11289,22657,1173
E09000027,Richmond upon Thames,104090,4153,79835,19751,79835,887,336,79835,10051,17440,993
E09000028,Southwark,163859,13484,120422,70312,120422,5419,3124,120422,52644,28493,1502
E09000029,Sutton,103995,5429,78174,18303,78174,1409,405,78174,11422,12429,560
E09000030,Tower Hamlets,137233,13259,101257,63797,101257,7477,3099,101257,40106,32964,1252
E09000031,Waltham Forest,135015,11654,96861,40583,96861,5444,2571,96861,21376,25102,1004
E09000032,Wandsworth,189789,9311,130493,59143,130493,3411,1567,130493,26516,41317,1356
E41000052,"Cornwall, Isles of Scilly",260815,12712,231378,40429,231378,2127,474,231378,27834,38899,3944
E41000324,"City of London, Westminster",125390,8128,110157,69574,110157,3402,2405,110157,28073,43522,3522
S12000005,Clackmannanshire,26167,2205,22734,5660,22734,265,73,22734,6502,1876,250
S12000006,Dumfries & Galloway,75189,4681,67980,14889,67980,639,132,67980,13356,9190,1821
S12000008,East Ayrshire,61705,5468,53919,15329,53919,568,141,53919,15579,4412,530
S12000010,East Lothian,51805,3049,42905,10074,42905,488,119,42905,10171,4074,586
S12000011,East Renfrewshire,45277,2257,37225,6922,37225,280,79,37225,4320,2067,314
S12000013,Eilean Siar,14283,840,12576,2871,12576,87,14,12576,2212,858,315
S12000014,Falkirk,82695,5953,68732,17294,68732,651,171,68732,18595,4995,660
S12000015,Fife,183775,14255,160952,41236,160952,1593,365,160952,36957,17951,1778
S12000017,Highland,122645,6817,102091,21065,102091,954,264,102091,19318,11793,2380
S12000018,Inverclyde,39073,3156,37434,14339,37434,462,124,37434,10093,3942,235
S12000019,Midlothian,43754,2700,34978,8686,34978,479,101,34978,9317,2578,381
S12000020,Moray,48928,2685,40062,7969,40062,363,80,40062,7753,5056,844
S12000021,North Ayrshire,66711,6964,62498,20072,62498,720,154,62498,17423,5652,552
S12000023,Orkney Islands,11747,388,9725,1788,9725,65,10,9725,1345,1095,372
S12000024,Perth & Kinross,76393,3581,64777,13686,64777,603,154,64777,11120,9474,1489
S12000026,Scottish Borders,58259,3354,52498,10758,52498,327,82,52498,11450,7212,1535
S12000027,Shetland Islands,13324,349,9950,1901,9950,83,15,9950,2356,854,234
S12000028,South Ayrshire,54693,4031,51286,13351,51286,409,104,51286,9835,5362,673
S12000029,South Lanarkshire,164427,11931,139188,39289,139188,1451,329,139188,31488,11386,1259
S12000030,Stirling,45731,2596,37566,8372,37566,355,101,37566,7469,4591,628
S12000033,Aberdeen City,128106,5367,103371,32434,103371,1270,481,103371,25184,17582,1396
S12000034,Aberdeenshire,140410,4772,104714,14981,104714,834,236,104714,16894,9868,1902
S12000035,Argyll & Bute,44675,2665,40125,9385,40125,324,113,40125,7586,5028,833
S12000036,"Edinburgh, City of",255445,14517,223051,89034,223051,2441,900,223051,37956,49878,2398
S12000038,Renfrewshire,89950,6710,80902,27790,80902,816,222,80902,19873,8074,557
S12000039,West Dunbartonshire,45878,4336,42167,16008,42167,527,113,42167,15708,2777,275
S12000040,West Lothian,93983,6484,73398,17901,73398,857,268,73398,19222,7121,631
S12000041,Angus,58850,3541,51616,12104,51616,418,132,51616,11094,5990,1032
S12000042,Dundee City,71721,6384,69193,28896,69193,787,240,69193,20797,12921,590
S12000044,North Lanarkshire,174843,15177,145998,46615,145998,2307,598,145998,45416,10705,1005
S12000045,East Dunbartonshire,53199,2667,43473,8252,43473,367,101,43473,5219,2511,379
S12000046,Glasgow City,295258,29534,285693,145193,285693,5138,1945,285693,104811,48019,2646
W06000001,Isle of Anglesey,33023,2381,30594,5517,30594,203,40,30594,4487,4324,749
W06000002,Gwynedd,57995,3176,52473,11230,52473,460,104,52473,8561,8060,1357
W06000003,Conwy,53792,3362,51177,11128,51177,367,72,51177,5946,8534,818
W06000004,Denbighshire,44409,2857,40546,8515,40546,337,54,40546,5325,6446,716
W06000005,Flintshire,78957,4332,63781,10834,63781,549,78,63781,9651,6729,610
W06000006,Wrexham,68413,4128,57029,12647,57029,563,123,57029,12803,6775,968
W06000008,Ceredigion,35064,1469,31562,5803,31562,242,69,31562,3196,6275,658
W06000009,Pembrokeshire,58120,3555,53122,9496,53122,427,85,53122,8312,7188,924
W06000010,Carmarthenshire,86217,4962,78829,14826,78829,551,102,78829,11672,9301,1352
W06000011,Swansea,111460,6831,103497,26660,103497,860,241,103497,19878,15260,1792
W06000012,Neath Port Talbot,64110,4630,60393,15407,60393,366,72,60393,11545,6186,1072
W06000013,Bridgend,66449,4687,58515,12819,58515,359,74,58515,8099,7188,737
W06000014,The Vale of Glamorgan,63384,3956,53505,10368,53505,338,65,53505,6354,7813,566
W06000015,Cardiff,174753,11566,142557,41400,142557,1868,718,142557,24374,31220,2062
W06000016,Rhondda Cynon Taf,108730,8104,99663,26978,99663,822,146,99663,13673,13604,1476
W06000018,Caerphilly,84932,6731,74479,18137,74479,700,110,74479,13962,7995,674
W06000019,Blaenau Gwent,32145,3557,30416,8811,30416,333,54,30416,7284,3892,316
W06000020,Torfaen,43820,3163,38524,9090,38524,345,76,38524,9100,3315,392
W06000021,Monmouthshire,45272,2217,38233,5807,38233,246,59,38233,5288,4130,532
W06000022,Newport,71011,5616,61172,17076,61172,748,190,61172,12122,8572,881
W06000023,Powys,66846,2928,58345,8757,58345,342,90,58345,8161,8638,1277
W06000024,Merthyr Tydfil,27833,2481,24264,7213,24264,272,44,24264,5118,2809,452
